quarter,disco,is_total,metric,value,unit,source_table,pdf_page,printed_page,source_label,is_primary,note
2025/Q4,Abuja,0,available_pcc_mwh_h,605.85,MWh/h,Table 4,37,31,Abuja,1,
2025/Q4,Abuja,0,energy_offtake_mwh_h,576.75,MWh/h,Table 4,37,31,Abuja,1,
2025/Q4,Abuja,0,offtake_performance_pct,95.2,%,Table 4,37,31,Abuja,1,
2025/Q4,All DisCos,1,available_pcc_mwh_h,3926.15,MWh/h,Table 4,37,31,All DisCos,1,
2025/Q4,All DisCos,1,energy_offtake_mwh_h,3619.21,MWh/h,Table 4,37,31,All DisCos,1,
2025/Q4,All DisCos,1,offtake_performance_pct,92.18,%,Table 4,37,31,All DisCos,1,
2025/Q4,Benin,0,available_pcc_mwh_h,353.04,MWh/h,Table 4,37,31,Benin,1,
2025/Q4,Benin,0,energy_offtake_mwh_h,353.04,MWh/h,Table 4,37,31,Benin,1,
2025/Q4,Benin,0,offtake_performance_pct,100.0,%,Table 4,37,31,Benin,1,
2025/Q4,Eko,0,available_pcc_mwh_h,500.72,MWh/h,Table 4,37,31,Eko,1,
2025/Q4,Eko,0,energy_offtake_mwh_h,480.78,MWh/h,Table 4,37,31,Eko,1,
2025/Q4,Eko,0,offtake_performance_pct,96.02,%,Table 4,37,31,Eko,1,
2025/Q4,Enugu,0,available_pcc_mwh_h,317.02,MWh/h,Table 4,37,31,Enugu,1,
2025/Q4,Enugu,0,energy_offtake_mwh_h,315.06,MWh/h,Table 4,37,31,Enugu,1,
2025/Q4,Enugu,0,offtake_performance_pct,99.38,%,Table 4,37,31,Enugu,1,
2025/Q4,Ibadan,0,available_pcc_mwh_h,459.11,MWh/h,Table 4,37,31,Ibadan,1,
2025/Q4,Ibadan,0,energy_offtake_mwh_h,433.23,MWh/h,Table 4,37,31,Ibadan,1,
2025/Q4,Ibadan,0,offtake_performance_pct,94.36,%,Table 4,37,31,Ibadan,1,
2025/Q4,Ikeja,0,available_pcc_mwh_h,562.27,MWh/h,Table 4,37,31,Ikeja,1,
2025/Q4,Ikeja,0,energy_offtake_mwh_h,531.04,MWh/h,Table 4,37,31,Ikeja,1,
2025/Q4,Ikeja,0,offtake_performance_pct,94.45,%,Table 4,37,31,Ikeja,1,
2025/Q4,Jos,0,available_pcc_mwh_h,219.79,MWh/h,Table 4,37,31,Jos,1,
2025/Q4,Jos,0,energy_offtake_mwh_h,185.08,MWh/h,Table 4,37,31,Jos,1,
2025/Q4,Jos,0,offtake_performance_pct,84.21,%,Table 4,37,31,Jos,1,
2025/Q4,Kaduna,0,available_pcc_mwh_h,250.02,MWh/h,Table 4,37,31,Kaduna,1,
2025/Q4,Kaduna,0,energy_offtake_mwh_h,183.5,MWh/h,Table 4,37,31,Kaduna,1,
2025/Q4,Kaduna,0,offtake_performance_pct,73.39,%,Table 4,37,31,Kaduna,1,
2025/Q4,Kano,0,available_pcc_mwh_h,258.29,MWh/h,Table 4,37,31,Kano,1,
2025/Q4,Kano,0,energy_offtake_mwh_h,199.89,MWh/h,Table 4,37,31,Kano,1,
2025/Q4,Kano,0,offtake_performance_pct,77.39,%,Table 4,37,31,Kano,1,
2025/Q4,Port Harcourt,0,available_pcc_mwh_h,291.04,MWh/h,Table 4,37,31,PH,1,
2025/Q4,Port Harcourt,0,energy_offtake_mwh_h,284.12,MWh/h,Table 4,37,31,PH,1,
2025/Q4,Port Harcourt,0,offtake_performance_pct,97.62,%,Table 4,37,31,PH,1,
2025/Q4,Yola,0,available_pcc_mwh_h,109.0,MWh/h,Table 4,37,31,Yola,1,
2025/Q4,Yola,0,energy_offtake_mwh_h,76.72,MWh/h,Table 4,37,31,Yola,1,
2025/Q4,Yola,0,offtake_performance_pct,70.38,%,Table 4,37,31,Yola,1,
2026/Q1,Abuja,0,available_pcc_mwh_h,553.01,MWh/h,Table 4,37,31,Abuja,1,
2026/Q1,Abuja,0,energy_offtake_mwh_h,550.78,MWh/h,Table 4,37,31,Abuja,1,
2026/Q1,Abuja,0,offtake_performance_pct,99.6,%,Table 4,37,31,Abuja,1,
2026/Q1,All DisCos,1,available_pcc_mwh_h,3408.02,MWh/h,Table 4,37,31,All DisCos,1,
2026/Q1,All DisCos,1,energy_offtake_mwh_h,3309.48,MWh/h,Table 4,37,31,All DisCos,1,
2026/Q1,All DisCos,1,offtake_performance_pct,97.11,%,Table 4,37,31,All DisCos,1,
2026/Q1,Benin,0,available_pcc_mwh_h,280.82,MWh/h,Table 4,37,31,Benin,1,
2026/Q1,Benin,0,energy_offtake_mwh_h,276.96,MWh/h,Table 4,37,31,Benin,1,
2026/Q1,Benin,0,offtake_performance_pct,98.62,%,Table 4,37,31,Benin,1,
2026/Q1,Eko,0,available_pcc_mwh_h,452.73,MWh/h,Table 4,37,31,Eko,1,
2026/Q1,Eko,0,energy_offtake_mwh_h,445.26,MWh/h,Table 4,37,31,Eko,1,
2026/Q1,Eko,0,offtake_performance_pct,98.35,%,Table 4,37,31,Eko,1,
2026/Q1,Enugu,0,available_pcc_mwh_h,264.72,MWh/h,Table 4,37,31,Enugu,1,
2026/Q1,Enugu,0,energy_offtake_mwh_h,262.94,MWh/h,Table 4,37,31,Enugu,1,
2026/Q1,Enugu,0,offtake_performance_pct,99.33,%,Table 4,37,31,Enugu,1,
2026/Q1,Ibadan,0,available_pcc_mwh_h,391.58,MWh/h,Table 4,37,31,Ibadan,1,
2026/Q1,Ibadan,0,energy_offtake_mwh_h,387.44,MWh/h,Table 4,37,31,Ibadan,1,
2026/Q1,Ibadan,0,offtake_performance_pct,98.94,%,Table 4,37,31,Ibadan,1,
2026/Q1,Ikeja,0,available_pcc_mwh_h,533.42,MWh/h,Table 4,37,31,Ikeja,1,
2026/Q1,Ikeja,0,energy_offtake_mwh_h,533.42,MWh/h,Table 4,37,31,Ikeja,1,
2026/Q1,Ikeja,0,offtake_performance_pct,100.0,%,Table 4,37,31,Ikeja,1,
2026/Q1,Jos,0,available_pcc_mwh_h,183.74,MWh/h,Table 4,37,31,Jos,1,
2026/Q1,Jos,0,energy_offtake_mwh_h,173.71,MWh/h,Table 4,37,31,Jos,1,
2026/Q1,Jos,0,offtake_performance_pct,94.54,%,Table 4,37,31,Jos,1,
2026/Q1,Kaduna,0,available_pcc_mwh_h,207.77,MWh/h,Table 4,37,31,Kaduna,1,
2026/Q1,Kaduna,0,energy_offtake_mwh_h,174.53,MWh/h,Table 4,37,31,Kaduna,1,
2026/Q1,Kaduna,0,offtake_performance_pct,84.0,%,Table 4,37,31,Kaduna,1,
2026/Q1,Kano,0,available_pcc_mwh_h,188.28,MWh/h,Table 4,37,31,Kano,1,
2026/Q1,Kano,0,energy_offtake_mwh_h,168.95,MWh/h,Table 4,37,31,Kano,1,
2026/Q1,Kano,0,offtake_performance_pct,89.73,%,Table 4,37,31,Kano,1,
2026/Q1,Port Harcourt,0,available_pcc_mwh_h,257.7,MWh/h,Table 4,37,31,PH,1,
2026/Q1,Port Harcourt,0,energy_offtake_mwh_h,256.43,MWh/h,Table 4,37,31,PH,1,
2026/Q1,Port Harcourt,0,offtake_performance_pct,99.51,%,Table 4,37,31,PH,1,
2026/Q1,Yola,0,available_pcc_mwh_h,94.25,MWh/h,Table 4,37,31,Yola,1,
2026/Q1,Yola,0,energy_offtake_mwh_h,79.06,MWh/h,Table 4,37,31,Yola,1,
2026/Q1,Yola,0,offtake_performance_pct,83.88,%,Table 4,37,31,Yola,1,
2025/Q4,Abuja,0,eae_pct,76.33,%,Table 5,38,32,Abuja,1,
2025/Q4,Abuja,0,energy_billed_gwh,972.0,GWh,Table 5,38,32,Abuja,1,
2025/Q4,Abuja,0,energy_offtake_gwh,1273.47,GWh,Table 5,38,32,Abuja,1,
2025/Q4,All DisCos,1,eae_pct,82.94,%,Table 5,39,33,All DisCos,1,
2025/Q4,All DisCos,1,energy_billed_gwh,6627.57,GWh,Table 5,39,33,All DisCos,1,
2025/Q4,All DisCos,1,energy_offtake_gwh,7991.22,GWh,Table 5,39,33,All DisCos,1,
2025/Q4,Benin,0,eae_pct,87.64,%,Table 5,38,32,Benin,1,
2025/Q4,Benin,0,energy_billed_gwh,683.17,GWh,Table 5,38,32,Benin,1,
2025/Q4,Benin,0,energy_offtake_gwh,779.52,GWh,Table 5,38,32,Benin,1,
2025/Q4,Eko,0,eae_pct,88.74,%,Table 5,38,32,Eko,1,
2025/Q4,Eko,0,energy_billed_gwh,942.0,GWh,Table 5,38,32,Eko,1,
2025/Q4,Eko,0,energy_offtake_gwh,1061.56,GWh,Table 5,38,32,Eko,1,
2025/Q4,Enugu,0,eae_pct,73.46,%,Table 5,38,32,Enugu,1,
2025/Q4,Enugu,0,energy_billed_gwh,511.0,GWh,Table 5,38,32,Enugu,1,
2025/Q4,Enugu,0,energy_offtake_gwh,695.65,GWh,Table 5,38,32,Enugu,1,
2025/Q4,Ibadan,0,eae_pct,88.76,%,Table 5,38,32,Ibadan,1,
2025/Q4,Ibadan,0,energy_billed_gwh,849.05,GWh,Table 5,38,32,Ibadan,1,
2025/Q4,Ibadan,0,energy_offtake_gwh,956.58,GWh,Table 5,38,32,Ibadan,1,
2025/Q4,Ikeja,0,eae_pct,86.54,%,Table 5,38,32,Ikeja,1,
2025/Q4,Ikeja,0,energy_billed_gwh,1014.71,GWh,Table 5,38,32,Ikeja,1,
2025/Q4,Ikeja,0,energy_offtake_gwh,1172.55,GWh,Table 5,38,32,Ikeja,1,
2025/Q4,Jos,0,eae_pct,74.01,%,Table 5,38,32,Jos,1,
2025/Q4,Jos,0,energy_billed_gwh,302.44,GWh,Table 5,38,32,Jos,1,
2025/Q4,Jos,0,energy_offtake_gwh,408.65,GWh,Table 5,38,32,Jos,1,
2025/Q4,Kaduna,0,eae_pct,81.69,%,Table 5,38,32,Kaduna,1,
2025/Q4,Kaduna,0,energy_billed_gwh,331.0,GWh,Table 5,38,32,Kaduna,1,
2025/Q4,Kaduna,0,energy_offtake_gwh,405.17,GWh,Table 5,38,32,Kaduna,1,
2025/Q4,Kano,0,eae_pct,81.95,%,Table 5,38,32,Kano,1,
2025/Q4,Kano,0,energy_billed_gwh,361.7,GWh,Table 5,38,32,Kano,1,
2025/Q4,Kano,0,energy_offtake_gwh,441.35,GWh,Table 5,38,32,Kano,1,
2025/Q4,Port Harcourt,0,eae_pct,84.35,%,Table 5,38,32,Port Harcourt,1,
2025/Q4,Port Harcourt,0,energy_billed_gwh,529.15,GWh,Table 5,38,32,Port Harcourt,1,
2025/Q4,Port Harcourt,0,energy_offtake_gwh,627.33,GWh,Table 5,38,32,Port Harcourt,1,
2025/Q4,Yola,0,eae_pct,77.54,%,Table 5,39,33,Yola,1,
2025/Q4,Yola,0,energy_billed_gwh,131.35,GWh,Table 5,39,33,Yola,1,
2025/Q4,Yola,0,energy_offtake_gwh,169.39,GWh,Table 5,39,33,Yola,1,
2026/Q1,Abuja,0,eae_pct,78.38,%,Table 5,38,32,Abuja,1,
2026/Q1,Abuja,0,energy_billed_gwh,932.47,GWh,Table 5,38,32,Abuja,1,
2026/Q1,Abuja,0,energy_offtake_gwh,1189.68,GWh,Table 5,38,32,Abuja,1,
2026/Q1,All DisCos,1,eae_pct,83.48,%,Table 5,39,33,All DisCos,1,
2026/Q1,All DisCos,1,energy_billed_gwh,5967.22,GWh,Table 5,39,33,All DisCos,1,
2026/Q1,All DisCos,1,energy_offtake_gwh,7148.47,GWh,Table 5,39,33,All DisCos,1,
2026/Q1,Benin,0,eae_pct,87.23,%,Table 5,38,32,Benin,1,
2026/Q1,Benin,0,energy_billed_gwh,521.81,GWh,Table 5,38,32,Benin,1,
2026/Q1,Benin,0,energy_offtake_gwh,598.23,GWh,Table 5,38,32,Benin,1,
2026/Q1,Eko,0,eae_pct,89.42,%,Table 5,38,32,Eko,1,
2026/Q1,Eko,0,energy_billed_gwh,860.0,GWh,Table 5,38,32,Eko,1,
2026/Q1,Eko,0,energy_offtake_gwh,961.76,GWh,Table 5,38,32,Eko,1,
2026/Q1,Enugu,0,eae_pct,77.82,%,Table 5,38,32,Enugu,1,
2026/Q1,Enugu,0,energy_billed_gwh,442.0,GWh,Table 5,38,32,Enugu,1,
2026/Q1,Enugu,0,energy_offtake_gwh,567.96,GWh,Table 5,38,32,Enugu,1,
2026/Q1,Ibadan,0,eae_pct,87.49,%,Table 5,38,32,Ibadan,1,
2026/Q1,Ibadan,0,energy_billed_gwh,732.17,GWh,Table 5,38,32,Ibadan,1,
2026/Q1,Ibadan,0,energy_offtake_gwh,836.87,GWh,Table 5,38,32,Ibadan,1,
2026/Q1,Ikeja,0,eae_pct,84.95,%,Table 5,38,32,Ikeja,1,
2026/Q1,Ikeja,0,energy_billed_gwh,978.75,GWh,Table 5,38,32,Ikeja,1,
2026/Q1,Ikeja,0,energy_offtake_gwh,1152.19,GWh,Table 5,38,32,Ikeja,1,
2026/Q1,Jos,0,eae_pct,73.46,%,Table 5,38,32,Jos,1,
2026/Q1,Jos,0,energy_billed_gwh,275.65,GWh,Table 5,38,32,Jos,1,
2026/Q1,Jos,0,energy_offtake_gwh,375.21,GWh,Table 5,38,32,Jos,1,
2026/Q1,Kaduna,0,eae_pct,83.29,%,Table 5,38,32,Kaduna,1,
2026/Q1,Kaduna,0,energy_billed_gwh,314.0,GWh,Table 5,38,32,Kaduna,1,
2026/Q1,Kaduna,0,energy_offtake_gwh,376.99,GWh,Table 5,38,32,Kaduna,1,
2026/Q1,Kano,0,eae_pct,84.18,%,Table 5,38,32,Kano,1,
2026/Q1,Kano,0,energy_billed_gwh,307.19,GWh,Table 5,38,32,Kano,1,
2026/Q1,Kano,0,energy_offtake_gwh,364.93,GWh,Table 5,38,32,Kano,1,
2026/Q1,Port Harcourt,0,eae_pct,84.41,%,Table 5,38,32,Port Harcourt,1,
2026/Q1,Port Harcourt,0,energy_billed_gwh,467.56,GWh,Table 5,38,32,Port Harcourt,1,
2026/Q1,Port Harcourt,0,energy_offtake_gwh,553.89,GWh,Table 5,38,32,Port Harcourt,1,
2026/Q1,Yola,0,eae_pct,79.43,%,Table 5,39,33,Yola,1,
2026/Q1,Yola,0,energy_billed_gwh,135.64,GWh,Table 5,39,33,Yola,1,
2026/Q1,Yola,0,energy_offtake_gwh,170.76,GWh,Table 5,39,33,Yola,1,
2025/Q4,Abuja,0,billing_eff_pct,83.03,%,Table 6,40,34,Abuja,1,
2025/Q4,Abuja,0,energy_billed_nbn,130.44,NGN billion,Table 6,40,34,Abuja,1,
2025/Q4,Abuja,0,energy_received_nbn,157.09,NGN billion,Table 6,40,34,Abuja,1,
2025/Q4,All DisCos,1,billing_eff_pct,82.03,%,Table 6,40,34,All DisCos,1,
2025/Q4,All DisCos,1,energy_billed_nbn,795.06,NGN billion,Table 6,40,34,All DisCos,1,
2025/Q4,All DisCos,1,energy_received_nbn,969.19,NGN billion,Table 6,40,34,All DisCos,1,
2025/Q4,Benin,0,billing_eff_pct,65.51,%,Table 6,40,34,Benin,1,
2025/Q4,Benin,0,energy_billed_nbn,62.69,NGN billion,Table 6,40,34,Benin,1,
2025/Q4,Benin,0,energy_received_nbn,95.69,NGN billion,Table 6,40,34,Benin,1,
2025/Q4,Eko,0,billing_eff_pct,94.98,%,Table 6,40,34,Eko,1,
2025/Q4,Eko,0,energy_billed_nbn,124.32,NGN billion,Table 6,40,34,Eko,1,
2025/Q4,Eko,0,energy_received_nbn,130.89,NGN billion,Table 6,40,34,Eko,1,
2025/Q4,Enugu,0,billing_eff_pct,79.95,%,Table 6,40,34,Enugu,1,
2025/Q4,Enugu,0,energy_billed_nbn,67.41,NGN billion,Table 6,40,34,Enugu,1,
2025/Q4,Enugu,0,energy_received_nbn,84.31,NGN billion,Table 6,40,34,Enugu,1,
2025/Q4,Ibadan,0,billing_eff_pct,72.07,%,Table 6,40,34,Ibadan,1,
2025/Q4,Ibadan,0,energy_billed_nbn,84.34,NGN billion,Table 6,40,34,Ibadan,1,
2025/Q4,Ibadan,0,energy_received_nbn,117.03,NGN billion,Table 6,40,34,Ibadan,1,
2025/Q4,Ikeja,0,billing_eff_pct,91.29,%,Table 6,40,34,Ikeja,1,
2025/Q4,Ikeja,0,energy_billed_nbn,128.26,NGN billion,Table 6,40,34,Ikeja,1,
2025/Q4,Ikeja,0,energy_received_nbn,140.51,NGN billion,Table 6,40,34,Ikeja,1,
2025/Q4,Jos,0,billing_eff_pct,78.28,%,Table 6,40,34,Jos,1,
2025/Q4,Jos,0,energy_billed_nbn,38.81,NGN billion,Table 6,40,34,Jos,1,
2025/Q4,Jos,0,energy_received_nbn,49.59,NGN billion,Table 6,40,34,Jos,1,
2025/Q4,Kaduna,0,billing_eff_pct,73.05,%,Table 6,40,34,Kaduna,1,
2025/Q4,Kaduna,0,energy_billed_nbn,35.2,NGN billion,Table 6,40,34,Kaduna,1,
2025/Q4,Kaduna,0,energy_received_nbn,48.19,NGN billion,Table 6,40,34,Kaduna,1,
2025/Q4,Kano,0,billing_eff_pct,94.09,%,Table 6,40,34,Kano,1,
2025/Q4,Kano,0,energy_billed_nbn,49.89,NGN billion,Table 6,40,34,Kano,1,
2025/Q4,Kano,0,energy_received_nbn,53.02,NGN billion,Table 6,40,34,Kano,1,
2025/Q4,Port Harcourt,0,billing_eff_pct,83.04,%,Table 6,40,34,Port Harcourt,1,
2025/Q4,Port Harcourt,0,energy_billed_nbn,60.48,NGN billion,Table 6,40,34,Port Harcourt,1,
2025/Q4,Port Harcourt,0,energy_received_nbn,72.83,NGN billion,Table 6,40,34,Port Harcourt,1,
2025/Q4,Yola,0,billing_eff_pct,62.84,%,Table 6,40,34,Yola,1,
2025/Q4,Yola,0,energy_billed_nbn,13.23,NGN billion,Table 6,40,34,Yola,1,
2025/Q4,Yola,0,energy_received_nbn,21.06,NGN billion,Table 6,40,34,Yola,1,
2026/Q1,Abuja,0,billing_eff_pct,84.16,%,Table 6,40,34,Abuja,1,
2026/Q1,Abuja,0,energy_billed_nbn,135.18,NGN billion,Table 6,40,34,Abuja,1,
2026/Q1,Abuja,0,energy_received_nbn,160.63,NGN billion,Table 6,40,34,Abuja,1,
2026/Q1,All DisCos,1,billing_eff_pct,79.24,%,Table 6,40,34,All DisCos,1,
2026/Q1,All DisCos,1,energy_billed_nbn,756.93,NGN billion,Table 6,40,34,All DisCos,1,
2026/Q1,All DisCos,1,energy_received_nbn,955.19,NGN billion,Table 6,40,34,All DisCos,1,
2026/Q1,Benin,0,billing_eff_pct,70.79,%,Table 6,40,34,Benin,1,
2026/Q1,Benin,0,energy_billed_nbn,57.13,NGN billion,Table 6,40,34,Benin,1,
2026/Q1,Benin,0,energy_received_nbn,80.71,NGN billion,Table 6,40,34,Benin,1,
2026/Q1,Eko,0,billing_eff_pct,88.98,%,Table 6,40,34,Eko,1,
2026/Q1,Eko,0,energy_billed_nbn,115.73,NGN billion,Table 6,40,34,Eko,1,
2026/Q1,Eko,0,energy_received_nbn,130.06,NGN billion,Table 6,40,34,Eko,1,
2026/Q1,Enugu,0,billing_eff_pct,81.28,%,Table 6,40,34,Enugu,1,
2026/Q1,Enugu,0,energy_billed_nbn,61.54,NGN billion,Table 6,40,34,Enugu,1,
2026/Q1,Enugu,0,energy_received_nbn,75.71,NGN billion,Table 6,40,34,Enugu,1,
2026/Q1,Ibadan,0,billing_eff_pct,69.1,%,Table 6,40,34,Ibadan,1,
2026/Q1,Ibadan,0,energy_billed_nbn,77.82,NGN billion,Table 6,40,34,Ibadan,1,
2026/Q1,Ibadan,0,energy_received_nbn,112.63,NGN billion,Table 6,40,34,Ibadan,1,
2026/Q1,Ikeja,0,billing_eff_pct,83.79,%,Table 6,40,34,Ikeja,1,
2026/Q1,Ikeja,0,energy_billed_nbn,126.92,NGN billion,Table 6,40,34,Ikeja,1,
2026/Q1,Ikeja,0,energy_received_nbn,151.48,NGN billion,Table 6,40,34,Ikeja,1,
2026/Q1,Jos,0,billing_eff_pct,71.9,%,Table 6,40,34,Jos,1,
2026/Q1,Jos,0,energy_billed_nbn,36.02,NGN billion,Table 6,40,34,Jos,1,
2026/Q1,Jos,0,energy_received_nbn,50.1,NGN billion,Table 6,40,34,Jos,1,
2026/Q1,Kaduna,0,billing_eff_pct,66.23,%,Table 6,40,34,Kaduna,1,
2026/Q1,Kaduna,0,energy_billed_nbn,32.69,NGN billion,Table 6,40,34,Kaduna,1,
2026/Q1,Kaduna,0,energy_received_nbn,49.36,NGN billion,Table 6,40,34,Kaduna,1,
2026/Q1,Kano,0,billing_eff_pct,87.51,%,Table 6,40,34,Kano,1,
2026/Q1,Kano,0,energy_billed_nbn,42.02,NGN billion,Table 6,40,34,Kano,1,
2026/Q1,Kano,0,energy_received_nbn,48.02,NGN billion,Table 6,40,34,Kano,1,
2026/Q1,Port Harcourt,0,billing_eff_pct,78.81,%,Table 6,40,34,Port Harcourt,1,
2026/Q1,Port Harcourt,0,energy_billed_nbn,58.1,NGN billion,Table 6,40,34,Port Harcourt,1,
2026/Q1,Port Harcourt,0,energy_received_nbn,73.72,NGN billion,Table 6,40,34,Port Harcourt,1,
2026/Q1,Yola,0,billing_eff_pct,59.14,%,Table 6,40,34,Yola,1,
2026/Q1,Yola,0,energy_billed_nbn,13.79,NGN billion,Table 6,40,34,Yola,1,
2026/Q1,Yola,0,energy_received_nbn,23.31,NGN billion,Table 6,40,34,Yola,1,
2025/Q4,Abuja,0,billing_eff_pct,83.03,%,Table 7,41,35,Abuja,0,
2025/Q4,Abuja,0,eae_pct,76.33,%,Table 7,41,35,Abuja,0,
2025/Q4,Abuja,0,variance_pp,6.71,pp,Table 7,41,35,Abuja,1,
2025/Q4,All DisCos,1,billing_eff_pct,82.03,%,Table 7,41,35,All DisCos,0,
2025/Q4,All DisCos,1,eae_pct,82.77,%,Table 7,41,35,All DisCos,0,
2025/Q4,All DisCos,1,variance_pp,-0.74,pp,Table 7,41,35,All DisCos,1,
2025/Q4,Benin,0,billing_eff_pct,65.51,%,Table 7,41,35,Benin,0,
2025/Q4,Benin,0,eae_pct,87.64,%,Table 7,41,35,Benin,0,
2025/Q4,Benin,0,variance_pp,-22.13,pp,Table 7,41,35,Benin,1,
2025/Q4,Eko,0,billing_eff_pct,94.98,%,Table 7,41,35,Eko,0,
2025/Q4,Eko,0,eae_pct,88.74,%,Table 7,41,35,Eko,0,
2025/Q4,Eko,0,variance_pp,6.24,pp,Table 7,41,35,Eko,1,
2025/Q4,Enugu,0,billing_eff_pct,79.95,%,Table 7,41,35,Enugu,0,
2025/Q4,Enugu,0,eae_pct,73.46,%,Table 7,41,35,Enugu,0,
2025/Q4,Enugu,0,variance_pp,6.5,pp,Table 7,41,35,Enugu,1,
2025/Q4,Ibadan,0,billing_eff_pct,72.07,%,Table 7,41,35,Ibadan,0,
2025/Q4,Ibadan,0,eae_pct,87.4,%,Table 7,41,35,Ibadan,0,
2025/Q4,Ibadan,0,variance_pp,-15.33,pp,Table 7,41,35,Ibadan,1,
2025/Q4,Ikeja,0,billing_eff_pct,91.29,%,Table 7,41,35,Ikeja,0,
2025/Q4,Ikeja,0,eae_pct,86.54,%,Table 7,41,35,Ikeja,0,
2025/Q4,Ikeja,0,variance_pp,4.75,pp,Table 7,41,35,Ikeja,1,
2025/Q4,Jos,0,billing_eff_pct,78.28,%,Table 7,41,35,Jos,0,
2025/Q4,Jos,0,eae_pct,74.01,%,Table 7,41,35,Jos,0,
2025/Q4,Jos,0,variance_pp,4.27,pp,Table 7,41,35,Jos,1,
2025/Q4,Kaduna,0,billing_eff_pct,73.05,%,Table 7,41,35,Kaduna,0,
2025/Q4,Kaduna,0,eae_pct,81.69,%,Table 7,41,35,Kaduna,0,
2025/Q4,Kaduna,0,variance_pp,-8.65,pp,Table 7,41,35,Kaduna,1,
2025/Q4,Kano,0,billing_eff_pct,94.09,%,Table 7,41,35,Kano,0,
2025/Q4,Kano,0,eae_pct,81.95,%,Table 7,41,35,Kano,0,
2025/Q4,Kano,0,variance_pp,12.14,pp,Table 7,41,35,Kano,1,
2025/Q4,Port Harcourt,0,billing_eff_pct,83.04,%,Table 7,41,35,Port Harcourt,0,
2025/Q4,Port Harcourt,0,eae_pct,84.35,%,Table 7,41,35,Port Harcourt,0,
2025/Q4,Port Harcourt,0,variance_pp,-1.31,pp,Table 7,41,35,Port Harcourt,1,
2025/Q4,Yola,0,billing_eff_pct,62.84,%,Table 7,41,35,Yola,0,
2025/Q4,Yola,0,eae_pct,77.54,%,Table 7,41,35,Yola,0,
2025/Q4,Yola,0,variance_pp,-14.71,pp,Table 7,41,35,Yola,1,
2026/Q1,Abuja,0,billing_eff_pct,84.16,%,Table 7,41,35,Abuja,0,
2026/Q1,Abuja,0,eae_pct,78.38,%,Table 7,41,35,Abuja,0,
2026/Q1,Abuja,0,variance_pp,5.78,pp,Table 7,41,35,Abuja,1,
2026/Q1,All DisCos,1,billing_eff_pct,79.24,%,Table 7,41,35,All DisCos,0,
2026/Q1,All DisCos,1,eae_pct,83.48,%,Table 7,41,35,All DisCos,0,
2026/Q1,All DisCos,1,variance_pp,-4.23,pp,Table 7,41,35,All DisCos,1,
2026/Q1,Benin,0,billing_eff_pct,70.79,%,Table 7,41,35,Benin,0,
2026/Q1,Benin,0,eae_pct,87.23,%,Table 7,41,35,Benin,0,
2026/Q1,Benin,0,variance_pp,-16.43,pp,Table 7,41,35,Benin,1,
2026/Q1,Eko,0,billing_eff_pct,88.98,%,Table 7,41,35,Eko,0,
2026/Q1,Eko,0,eae_pct,89.42,%,Table 7,41,35,Eko,0,
2026/Q1,Eko,0,variance_pp,-0.44,pp,Table 7,41,35,Eko,1,
2026/Q1,Enugu,0,billing_eff_pct,81.28,%,Table 7,41,35,Enugu,0,
2026/Q1,Enugu,0,eae_pct,77.82,%,Table 7,41,35,Enugu,0,
2026/Q1,Enugu,0,variance_pp,3.46,pp,Table 7,41,35,Enugu,1,
2026/Q1,Ibadan,0,billing_eff_pct,69.1,%,Table 7,41,35,Ibadan,0,
2026/Q1,Ibadan,0,eae_pct,87.49,%,Table 7,41,35,Ibadan,0,
2026/Q1,Ibadan,0,variance_pp,-18.39,pp,Table 7,41,35,Ibadan,1,
2026/Q1,Ikeja,0,billing_eff_pct,83.79,%,Table 7,41,35,Ikeja,0,
2026/Q1,Ikeja,0,eae_pct,84.95,%,Table 7,41,35,Ikeja,0,
2026/Q1,Ikeja,0,variance_pp,-1.16,pp,Table 7,41,35,Ikeja,1,
2026/Q1,Jos,0,billing_eff_pct,71.9,%,Table 7,41,35,Jos,0,
2026/Q1,Jos,0,eae_pct,73.46,%,Table 7,41,35,Jos,0,
2026/Q1,Jos,0,variance_pp,-1.56,pp,Table 7,41,35,Jos,1,
2026/Q1,Kaduna,0,billing_eff_pct,66.23,%,Table 7,41,35,Kaduna,0,
2026/Q1,Kaduna,0,eae_pct,83.29,%,Table 7,41,35,Kaduna,0,
2026/Q1,Kaduna,0,variance_pp,-17.06,pp,Table 7,41,35,Kaduna,1,
2026/Q1,Kano,0,billing_eff_pct,87.51,%,Table 7,41,35,Kano,0,
2026/Q1,Kano,0,eae_pct,84.18,%,Table 7,41,35,Kano,0,
2026/Q1,Kano,0,variance_pp,3.33,pp,Table 7,41,35,Kano,1,
2026/Q1,Port Harcourt,0,billing_eff_pct,78.81,%,Table 7,41,35,Port Harcourt,0,
2026/Q1,Port Harcourt,0,eae_pct,84.41,%,Table 7,41,35,Port Harcourt,0,
2026/Q1,Port Harcourt,0,variance_pp,-5.6,pp,Table 7,41,35,Port Harcourt,1,
2026/Q1,Yola,0,billing_eff_pct,59.14,%,Table 7,41,35,Yola,0,
2026/Q1,Yola,0,eae_pct,79.43,%,Table 7,41,35,Yola,0,
2026/Q1,Yola,0,variance_pp,-20.29,pp,Table 7,41,35,Yola,1,
2025/Q4,Abuja,0,collection_eff_pct,83.11,%,Table 8,42,36,Abuja,1,
2025/Q4,Abuja,0,revenue_collected_nbn,108.41,NGN billion,Table 8,42,36,Abuja,1,
2025/Q4,Abuja,0,total_billings_nbn,130.44,NGN billion,Table 8,42,36,Abuja,1,
2025/Q4,All DisCos,1,collection_eff_pct,79.36,%,Table 8,42,36,All DisCos,1,
2025/Q4,All DisCos,1,revenue_collected_nbn,630.93,NGN billion,Table 8,42,36,All DisCos,1,
2025/Q4,All DisCos,1,total_billings_nbn,795.06,NGN billion,Table 8,42,36,All DisCos,1,
2025/Q4,Benin,0,collection_eff_pct,84.72,%,Table 8,42,36,Benin,1,
2025/Q4,Benin,0,revenue_collected_nbn,53.11,NGN billion,Table 8,42,36,Benin,1,
2025/Q4,Benin,0,total_billings_nbn,62.69,NGN billion,Table 8,42,36,Benin,1,
2025/Q4,Eko,0,collection_eff_pct,90.34,%,Table 8,42,36,Eko,1,
2025/Q4,Eko,0,revenue_collected_nbn,112.3,NGN billion,Table 8,42,36,Eko,1,
2025/Q4,Eko,0,total_billings_nbn,124.32,NGN billion,Table 8,42,36,Eko,1,
2025/Q4,Enugu,0,collection_eff_pct,76.77,%,Table 8,42,36,Enugu,1,
2025/Q4,Enugu,0,revenue_collected_nbn,51.75,NGN billion,Table 8,42,36,Enugu,1,
2025/Q4,Enugu,0,total_billings_nbn,67.41,NGN billion,Table 8,42,36,Enugu,1,
2025/Q4,Ibadan,0,collection_eff_pct,79.78,%,Table 8,42,36,Ibadan,1,
2025/Q4,Ibadan,0,revenue_collected_nbn,67.28,NGN billion,Table 8,42,36,Ibadan,1,
2025/Q4,Ibadan,0,total_billings_nbn,84.34,NGN billion,Table 8,42,36,Ibadan,1,
2025/Q4,Ikeja,0,collection_eff_pct,91.66,%,Table 8,42,36,Ikeja,1,
2025/Q4,Ikeja,0,revenue_collected_nbn,117.56,NGN billion,Table 8,42,36,Ikeja,1,
2025/Q4,Ikeja,0,total_billings_nbn,128.26,NGN billion,Table 8,42,36,Ikeja,1,
2025/Q4,Jos,0,collection_eff_pct,44.92,%,Table 8,42,36,Jos,1,
2025/Q4,Jos,0,revenue_collected_nbn,17.44,NGN billion,Table 8,42,36,Jos,1,
2025/Q4,Jos,0,total_billings_nbn,38.81,NGN billion,Table 8,42,36,Jos,1,
2025/Q4,Kaduna,0,collection_eff_pct,41.83,%,Table 8,42,36,Kaduna,1,
2025/Q4,Kaduna,0,revenue_collected_nbn,14.72,NGN billion,Table 8,42,36,Kaduna,1,
2025/Q4,Kaduna,0,total_billings_nbn,35.2,NGN billion,Table 8,42,36,Kaduna,1,
2025/Q4,Kano,0,collection_eff_pct,59.23,%,Table 8,42,36,Kano,1,
2025/Q4,Kano,0,revenue_collected_nbn,29.55,NGN billion,Table 8,42,36,Kano,1,
2025/Q4,Kano,0,total_billings_nbn,49.89,NGN billion,Table 8,42,36,Kano,1,
2025/Q4,Port Harcourt,0,collection_eff_pct,80.67,%,Table 8,42,36,Port Harcourt,1,
2025/Q4,Port Harcourt,0,revenue_collected_nbn,48.78,NGN billion,Table 8,42,36,Port Harcourt,1,
2025/Q4,Port Harcourt,0,total_billings_nbn,60.48,NGN billion,Table 8,42,36,Port Harcourt,1,
2025/Q4,Yola,0,collection_eff_pct,75.17,%,Table 8,42,36,Yola,1,
2025/Q4,Yola,0,revenue_collected_nbn,9.95,NGN billion,Table 8,42,36,Yola,1,
2025/Q4,Yola,0,total_billings_nbn,13.23,NGN billion,Table 8,42,36,Yola,1,
2026/Q1,Abuja,0,collection_eff_pct,80.9,%,Table 8,42,36,Abuja,1,
2026/Q1,Abuja,0,revenue_collected_nbn,109.36,NGN billion,Table 8,42,36,Abuja,1,
2026/Q1,Abuja,0,total_billings_nbn,135.18,NGN billion,Table 8,42,36,Abuja,1,
2026/Q1,All DisCos,1,collection_eff_pct,78.95,%,Table 8,42,36,All DisCos,1,
2026/Q1,All DisCos,1,revenue_collected_nbn,597.56,NGN billion,Table 8,42,36,All DisCos,1,
2026/Q1,All DisCos,1,total_billings_nbn,756.93,NGN billion,Table 8,42,36,All DisCos,1,
2026/Q1,Benin,0,collection_eff_pct,85.16,%,Table 8,42,36,Benin,1,
2026/Q1,Benin,0,revenue_collected_nbn,48.66,NGN billion,Table 8,42,36,Benin,1,
2026/Q1,Benin,0,total_billings_nbn,57.13,NGN billion,Table 8,42,36,Benin,1,
2026/Q1,Eko,0,collection_eff_pct,89.64,%,Table 8,42,36,Eko,1,
2026/Q1,Eko,0,revenue_collected_nbn,103.74,NGN billion,Table 8,42,36,Eko,1,
2026/Q1,Eko,0,total_billings_nbn,115.73,NGN billion,Table 8,42,36,Eko,1,
2026/Q1,Enugu,0,collection_eff_pct,70.49,%,Table 8,42,36,Enugu,1,
2026/Q1,Enugu,0,revenue_collected_nbn,43.37,NGN billion,Table 8,42,36,Enugu,1,
2026/Q1,Enugu,0,total_billings_nbn,61.54,NGN billion,Table 8,42,36,Enugu,1,
2026/Q1,Ibadan,0,collection_eff_pct,75.12,%,Table 8,42,36,Ibadan,1,
2026/Q1,Ibadan,0,revenue_collected_nbn,58.46,NGN billion,Table 8,42,36,Ibadan,1,
2026/Q1,Ibadan,0,total_billings_nbn,77.82,NGN billion,Table 8,42,36,Ibadan,1,
2026/Q1,Ikeja,0,collection_eff_pct,90.0,%,Table 8,42,36,Ikeja,1,
2026/Q1,Ikeja,0,revenue_collected_nbn,114.23,NGN billion,Table 8,42,36,Ikeja,1,
2026/Q1,Ikeja,0,total_billings_nbn,126.92,NGN billion,Table 8,42,36,Ikeja,1,
2026/Q1,Jos,0,collection_eff_pct,58.41,%,Table 8,42,36,Jos,1,
2026/Q1,Jos,0,revenue_collected_nbn,21.04,NGN billion,Table 8,42,36,Jos,1,
2026/Q1,Jos,0,total_billings_nbn,36.02,NGN billion,Table 8,42,36,Jos,1,
2026/Q1,Kaduna,0,collection_eff_pct,45.81,%,Table 8,42,36,Kaduna,1,
2026/Q1,Kaduna,0,revenue_collected_nbn,14.98,NGN billion,Table 8,42,36,Kaduna,1,
2026/Q1,Kaduna,0,total_billings_nbn,32.69,NGN billion,Table 8,42,36,Kaduna,1,
2026/Q1,Kano,0,collection_eff_pct,62.76,%,Table 8,42,36,Kano,1,
2026/Q1,Kano,0,revenue_collected_nbn,26.37,NGN billion,Table 8,42,36,Kano,1,
2026/Q1,Kano,0,total_billings_nbn,42.02,NGN billion,Table 8,42,36,Kano,1,
2026/Q1,Port Harcourt,0,collection_eff_pct,81.22,%,Table 8,42,36,Port Harcourt,1,
2026/Q1,Port Harcourt,0,revenue_collected_nbn,47.19,NGN billion,Table 8,42,36,Port Harcourt,1,
2026/Q1,Port Harcourt,0,total_billings_nbn,58.1,NGN billion,Table 8,42,36,Port Harcourt,1,
2026/Q1,Yola,0,collection_eff_pct,73.79,%,Table 8,42,36,Yola,1,
2026/Q1,Yola,0,revenue_collected_nbn,10.17,NGN billion,Table 8,42,36,Yola,1,
2026/Q1,Yola,0,total_billings_nbn,13.79,NGN billion,Table 8,42,36,Yola,1,
2025/Q4,Abuja,0,atcc_pct,30.99,%,Table 9,45,39,Abuja,1,
2025/Q4,Abuja,0,atcc_variance_pp,-10.39,pp,Table 9,45,39,Abuja,1,
2025/Q4,All DisCos,1,atcc_collection_pct,20.64,%,Table 9,45,39,Collection losses,1,
2025/Q4,All DisCos,1,atcc_technical_commercial_pct,17.97,%,Table 9,45,39,Technical & Commercial losses,1,
2025/Q4,All DisCos,1,atcc_total_pct,34.9,%,Table 9,45,39,"Total Technical, Commercial & Collection losses",1,
2025/Q4,Benin,0,atcc_pct,44.5,%,Table 9,45,39,Benin,1,
2025/Q4,Benin,0,atcc_variance_pp,-23.74,pp,Table 9,45,39,Benin,1,
2025/Q4,Eko,0,atcc_pct,14.2,%,Table 9,45,39,Eko,1,
2025/Q4,Eko,0,atcc_variance_pp,2.68,pp,Table 9,45,39,Eko,1,
2025/Q4,Enugu,0,atcc_pct,38.62,%,Table 9,45,39,Enugu,1,
2025/Q4,Enugu,0,atcc_variance_pp,-17.36,pp,Table 9,45,39,Enugu,1,
2025/Q4,Ibadan,0,atcc_pct,42.51,%,Table 9,45,39,Ibadan,1,
2025/Q4,Ibadan,0,atcc_variance_pp,-21.59,pp,Table 9,45,39,Ibadan,1,
2025/Q4,Ikeja,0,atcc_pct,16.33,%,Table 9,45,39,Ikeja,1,
2025/Q4,Ikeja,0,atcc_variance_pp,-0.4,pp,Table 9,45,39,Ikeja,1,
2025/Q4,Jos,0,atcc_pct,64.84,%,Table 9,45,39,Jos,1,
2025/Q4,Jos,0,atcc_variance_pp,-38.75,pp,Table 9,45,39,Jos,1,
2025/Q4,Kaduna,0,atcc_pct,69.45,%,Table 9,45,39,Kaduna,1,
2025/Q4,Kaduna,0,atcc_variance_pp,-48.13,pp,Table 9,45,39,Kaduna,1,
2025/Q4,Kano,0,atcc_pct,44.27,%,Table 9,45,39,Kano,1,
2025/Q4,Kano,0,atcc_variance_pp,-23.39,pp,Table 9,45,39,Kano,1,
2025/Q4,Port Harcourt,0,atcc_pct,33.01,%,Table 9,45,39,Port Harcourt,1,
2025/Q4,Port Harcourt,0,atcc_variance_pp,-12.59,pp,Table 9,45,39,Port Harcourt,1,
2025/Q4,Yola,0,atcc_pct,52.77,%,Table 9,45,39,Yola,1,
2025/Q4,Yola,0,atcc_variance_pp,-8.77,pp,Table 9,45,39,Yola,1,
2026/Q1,Abuja,0,atcc_pct,31.92,%,Table 9,45,39,Abuja,1,
2026/Q1,Abuja,0,atcc_variance_pp,-14.95,pp,Table 9,45,39,Abuja,1,
2026/Q1,Abuja,0,myto_target_pct,16.97,%,Table 9,45,39,Abuja,1,2026 annual MYTO parameter
2026/Q1,Abuja,0,revenue_loss_gain_pct,-11.86,%,Table 9,45,39,Abuja,1,
2026/Q1,All DisCos,1,atcc_collection_pct,21.05,%,Table 9,45,39,Collection losses,1,
2026/Q1,All DisCos,1,atcc_technical_commercial_pct,20.76,%,Table 9,45,39,Technical & Commercial losses,1,
2026/Q1,All DisCos,1,atcc_total_pct,37.44,%,Table 9,45,39,"Total Technical, Commercial & Collection losses",1,
2026/Q1,All DisCos,1,myto_target_pct,16.92,%,Table 9,45,39,MYTO Level,1,2026 annual MYTO parameter
2026/Q1,All DisCos,1,revenue_loss_gain_pct,-19.05,%,Table 9,45,39,"Total Technical, Commercial & Collection losses",1,
2026/Q1,Benin,0,atcc_pct,39.71,%,Table 9,45,39,Benin,1,
2026/Q1,Benin,0,atcc_variance_pp,-22.48,pp,Table 9,45,39,Benin,1,
2026/Q1,Benin,0,myto_target_pct,17.23,%,Table 9,45,39,Benin,1,2026 annual MYTO parameter
2026/Q1,Benin,0,revenue_loss_gain_pct,-21.7,%,Table 9,45,39,Benin,1,
2026/Q1,Eko,0,atcc_pct,20.24,%,Table 9,45,39,Eko,1,
2026/Q1,Eko,0,atcc_variance_pp,-6.05,pp,Table 9,45,39,Eko,1,
2026/Q1,Eko,0,myto_target_pct,14.19,%,Table 9,45,39,Eko,1,2026 annual MYTO parameter
2026/Q1,Eko,0,revenue_loss_gain_pct,-0.08,%,Table 9,45,39,Eko,1,
2026/Q1,Enugu,0,atcc_pct,42.71,%,Table 9,45,39,Enugu,1,
2026/Q1,Enugu,0,atcc_variance_pp,-24.63,pp,Table 9,45,39,Enugu,1,
2026/Q1,Enugu,0,myto_target_pct,18.08,%,Table 9,45,39,Enugu,1,2026 annual MYTO parameter
2026/Q1,Enugu,0,revenue_loss_gain_pct,-24.82,%,Table 9,45,39,Enugu,1,
2026/Q1,Ibadan,0,atcc_pct,48.1,%,Table 9,45,39,Ibadan,1,
2026/Q1,Ibadan,0,atcc_variance_pp,-30.6,pp,Table 9,45,39,Ibadan,1,
2026/Q1,Ibadan,0,myto_target_pct,17.5,%,Table 9,45,39,Ibadan,1,2026 annual MYTO parameter
2026/Q1,Ibadan,0,revenue_loss_gain_pct,-32.37,%,Table 9,45,39,Ibadan,1,
2026/Q1,Ikeja,0,atcc_pct,24.59,%,Table 9,45,39,Ikeja,1,
2026/Q1,Ikeja,0,atcc_variance_pp,-11.05,pp,Table 9,45,39,Ikeja,1,
2026/Q1,Ikeja,0,myto_target_pct,13.54,%,Table 9,45,39,Ikeja,1,2026 annual MYTO parameter
2026/Q1,Ikeja,0,revenue_loss_gain_pct,-6.24,%,Table 9,45,39,Ikeja,1,
2026/Q1,Jos,0,atcc_pct,58.0,%,Table 9,45,39,Jos,1,
2026/Q1,Jos,0,atcc_variance_pp,-37.2,pp,Table 9,45,39,Jos,1,
2026/Q1,Jos,0,myto_target_pct,20.8,%,Table 9,45,39,Jos,1,2026 annual MYTO parameter
2026/Q1,Jos,0,revenue_loss_gain_pct,-42.99,%,Table 9,45,39,Jos,1,
2026/Q1,Kaduna,0,atcc_pct,69.66,%,Table 9,45,39,Kaduna,1,
2026/Q1,Kaduna,0,atcc_variance_pp,-51.48,pp,Table 9,45,39,Kaduna,1,
2026/Q1,Kaduna,0,myto_target_pct,18.18,%,Table 9,45,39,Kaduna,1,2026 annual MYTO parameter
2026/Q1,Kaduna,0,revenue_loss_gain_pct,-60.14,%,Table 9,45,39,Kaduna,1,
2026/Q1,Kano,0,atcc_pct,45.08,%,Table 9,45,39,Kano,1,
2026/Q1,Kano,0,atcc_variance_pp,-27.63,pp,Table 9,45,39,Kano,1,
2026/Q1,Kano,0,myto_target_pct,17.45,%,Table 9,45,39,Kano,1,2026 annual MYTO parameter
2026/Q1,Kano,0,revenue_loss_gain_pct,-28.48,%,Table 9,45,39,Kano,1,
2026/Q1,Port Harcourt,0,atcc_pct,35.99,%,Table 9,45,39,Port Harcourt,1,
2026/Q1,Port Harcourt,0,atcc_variance_pp,-19.32,pp,Table 9,45,39,Port Harcourt,1,
2026/Q1,Port Harcourt,0,myto_target_pct,16.67,%,Table 9,45,39,Port Harcourt,1,2026 annual MYTO parameter
2026/Q1,Port Harcourt,0,revenue_loss_gain_pct,-17.42,%,Table 9,45,39,Port Harcourt,1,
2026/Q1,Yola,0,atcc_pct,56.36,%,Table 9,45,39,Yola,1,
2026/Q1,Yola,0,atcc_variance_pp,-27.36,pp,Table 9,45,39,Yola,1,
2026/Q1,Yola,0,myto_target_pct,29.0,%,Table 9,45,39,Yola,1,2026 annual MYTO parameter
2026/Q1,Yola,0,revenue_loss_gain_pct,-33.93,%,Table 9,45,39,Yola,1,
